review_id,actual_sentiment,pred_alpha,pred_beta,pred_gamma
REV-TX-1000,positive,positive,negative,positive
REV-TX-1001,negative,positive,negative,negative
REV-TX-1002,positive,negative,negative,positive
REV-TX-1003,positive,positive,positive,positive
REV-TX-1004,positive,positive,positive,positive
REV-TX-1005,positive,positive,positive,negative
REV-TX-1006,positive,positive,positive,positive
REV-TX-1007,negative,positive,positive,negative
REV-TX-1008,positive,positive,negative,positive
REV-TX-1009,positive,positive,positive,positive
REV-TX-1010,positive,positive,positive,positive
REV-TX-1011,negative,negative,positive,negative
REV-TX-1012,positive,negative,negative,negative
REV-TX-1013,positive,positive,positive,positive
REV-TX-1014,positive,positive,negative,positive
REV-TX-1015,positive,positive,positive,positive
REV-TX-1016,positive,positive,negative,positive
REV-TX-1017,positive,positive,negative,positive
REV-TX-1018,positive,positive,positive,positive
REV-TX-1019,positive,positive,positive,positive
REV-TX-1020,positive,negative,positive,positive
REV-TX-1021,positive,positive,positive,positive
REV-TX-1022,positive,negative,negative,positive
REV-TX-1023,positive,positive,negative,positive
REV-TX-1024,positive,positive,negative,positive
REV-TX-1025,positive,positive,negative,positive
REV-TX-1026,positive,positive,positive,positive
REV-TX-1027,positive,negative,positive,positive
REV-TX-1028,positive,positive,negative,positive
REV-TX-1029,positive,positive,positive,positive
REV-TX-1030,positive,positive,negative,positive
REV-TX-1031,positive,positive,positive,positive
REV-TX-1032,positive,positive,positive,positive
REV-TX-1033,negative,positive,negative,negative
REV-TX-1034,negative,positive,positive,negative
REV-TX-1035,positive,positive,negative,positive
REV-TX-1036,positive,positive,negative,positive
REV-TX-1037,positive,positive,negative,positive
REV-TX-1038,positive,positive,negative,positive
REV-TX-1039,positive,positive,negative,positive
REV-TX-1040,positive,positive,negative,positive
REV-TX-1041,positive,positive,positive,positive
REV-TX-1042,positive,positive,positive,positive
REV-TX-1043,negative,positive,negative,negative
REV-TX-1044,positive,positive,positive,positive
REV-TX-1045,positive,positive,positive,positive
REV-TX-1046,positive,positive,positive,positive
REV-TX-1047,positive,positive,negative,positive
REV-TX-1048,positive,positive,negative,positive
REV-TX-1049,positive,positive,positive,negative
REV-TX-1050,negative,positive,negative,negative
REV-TX-1051,positive,positive,negative,negative
REV-TX-1052,negative,positive,negative,negative
REV-TX-1053,negative,positive,negative,negative
REV-TX-1054,positive,positive,negative,positive
REV-TX-1055,negative,positive,positive,negative
REV-TX-1056,positive,positive,negative,positive
REV-TX-1057,positive,positive,positive,positive
REV-TX-1058,positive,positive,negative,positive
REV-TX-1059,positive,positive,negative,positive
REV-TX-1060,positive,positive,positive,positive
REV-TX-1061,positive,positive,positive,positive
REV-TX-1062,positive,positive,negative,positive
REV-TX-1063,positive,positive,positive,positive
REV-TX-1064,positive,positive,negative,positive
REV-TX-1065,positive,positive,positive,positive
REV-TX-1066,positive,positive,positive,positive
REV-TX-1067,positive,positive,negative,positive
REV-TX-1068,positive,positive,negative,positive
REV-TX-1069,negative,positive,negative,negative
REV-TX-1070,positive,positive,positive,negative
REV-TX-1071,positive,positive,negative,positive
REV-TX-1072,positive,positive,negative,positive
REV-TX-1073,positive,positive,negative,positive
REV-TX-1074,positive,positive,negative,positive
REV-TX-1075,positive,positive,negative,positive
REV-TX-1076,positive,positive,positive,positive
REV-TX-1077,positive,positive,positive,positive
REV-TX-1078,positive,negative,negative,positive
REV-TX-1079,positive,positive,positive,positive
REV-TX-1080,negative,negative,negative,negative
REV-TX-1081,positive,positive,positive,negative
REV-TX-1082,positive,positive,negative,positive
REV-TX-1083,positive,negative,negative,positive
REV-TX-1084,positive,positive,positive,positive
REV-TX-1085,positive,positive,positive,positive
REV-TX-1086,positive,positive,positive,positive
REV-TX-1087,positive,positive,negative,positive
REV-TX-1088,negative,positive,negative,negative
REV-TX-1089,positive,positive,positive,positive
REV-TX-1090,positive,positive,negative,positive
REV-TX-1091,positive,negative,positive,positive
REV-TX-1092,positive,positive,positive,positive
REV-TX-1093,positive,positive,negative,positive
REV-TX-1094,positive,positive,positive,positive
REV-TX-1095,positive,positive,positive,positive
REV-TX-1096,positive,positive,positive,positive
REV-TX-1097,positive,positive,positive,positive
REV-TX-1098,positive,positive,positive,positive
REV-TX-1099,positive,positive,positive,positive
REV-TX-1100,positive,negative,negative,positive
REV-TX-1101,positive,positive,positive,positive
REV-TX-1102,positive,positive,positive,positive
REV-TX-1103,positive,positive,positive,positive
REV-TX-1104,negative,positive,positive,negative
REV-TX-1105,positive,positive,negative,positive
REV-TX-1106,positive,positive,negative,positive
REV-TX-1107,positive,negative,positive,positive
REV-TX-1108,positive,positive,negative,positive
REV-TX-1109,positive,negative,negative,negative
REV-TX-1110,positive,positive,negative,negative
REV-TX-1111,positive,positive,positive,positive
REV-TX-1112,negative,positive,positive,positive
REV-TX-1113,positive,positive,positive,positive
REV-TX-1114,positive,positive,negative,positive
REV-TX-1115,negative,positive,positive,negative
REV-TX-1116,positive,positive,negative,positive
REV-TX-1117,positive,positive,positive,negative
REV-TX-1118,negative,negative,positive,negative
REV-TX-1119,positive,positive,negative,positive
REV-TX-1120,positive,positive,positive,positive
REV-TX-1121,negative,positive,positive,negative
REV-TX-1122,positive,negative,negative,positive
REV-TX-1123,positive,positive,negative,negative
REV-TX-1124,positive,negative,negative,positive
REV-TX-1125,positive,positive,negative,positive
REV-TX-1126,positive,positive,negative,positive
REV-TX-1127,negative,positive,negative,negative
REV-TX-1128,positive,positive,positive,positive
REV-TX-1129,positive,positive,positive,positive
REV-TX-1130,positive,positive,positive,positive
REV-TX-1131,positive,positive,positive,positive
REV-TX-1132,positive,positive,negative,positive
REV-TX-1133,positive,positive,negative,positive
REV-TX-1134,negative,positive,negative,negative
REV-TX-1135,positive,positive,positive,positive
REV-TX-1136,positive,positive,negative,positive
REV-TX-1137,positive,positive,positive,negative
REV-TX-1138,positive,positive,negative,positive
REV-TX-1139,negative,positive,negative,negative
REV-TX-1140,negative,positive,positive,negative
REV-TX-1141,positive,positive,positive,positive
REV-TX-1142,positive,positive,positive,positive
REV-TX-1143,positive,positive,negative,positive
REV-TX-1144,positive,positive,negative,positive
REV-TX-1145,positive,positive,negative,positive
REV-TX-1146,positive,positive,positive,positive
REV-TX-1147,positive,positive,positive,positive
REV-TX-1148,positive,positive,negative,positive
REV-TX-1149,positive,positive,negative,negative
REV-TX-1150,negative,positive,positive,negative
REV-TX-1151,positive,positive,positive,positive
REV-TX-1152,positive,positive,negative,positive
REV-TX-1153,positive,positive,positive,positive
REV-TX-1154,negative,positive,positive,negative
REV-TX-1155,positive,positive,positive,positive
REV-TX-1156,positive,positive,positive,positive
REV-TX-1157,positive,positive,negative,positive
REV-TX-1158,positive,positive,negative,positive
REV-TX-1159,positive,positive,negative,positive
REV-TX-1160,positive,positive,positive,positive
REV-TX-1161,positive,positive,positive,positive
REV-TX-1162,positive,positive,positive,positive
REV-TX-1163,positive,positive,positive,positive
REV-TX-1164,positive,positive,negative,positive
REV-TX-1165,positive,negative,positive,positive
REV-TX-1166,positive,positive,positive,positive
REV-TX-1167,positive,positive,positive,negative
REV-TX-1168,positive,positive,positive,positive
REV-TX-1169,positive,positive,positive,positive
REV-TX-1170,positive,positive,positive,positive
REV-TX-1171,positive,positive,negative,positive
REV-TX-1172,positive,positive,positive,positive
REV-TX-1173,positive,positive,positive,positive
REV-TX-1174,positive,positive,negative,positive
REV-TX-1175,positive,positive,negative,positive
REV-TX-1176,positive,positive,negative,positive
REV-TX-1177,positive,positive,negative,positive
REV-TX-1178,negative,positive,positive,negative
REV-TX-1179,positive,positive,positive,positive
REV-TX-1180,positive,positive,positive,positive
REV-TX-1181,positive,positive,negative,positive
REV-TX-1182,negative,negative,negative,negative
REV-TX-1183,negative,positive,positive,positive
REV-TX-1184,positive,positive,positive,positive
REV-TX-1185,positive,negative,negative,positive
REV-TX-1186,positive,positive,positive,positive
REV-TX-1187,positive,positive,negative,positive
REV-TX-1188,positive,positive,negative,positive
REV-TX-1189,positive,positive,negative,positive
REV-TX-1190,positive,positive,negative,positive
REV-TX-1191,negative,positive,negative,negative
REV-TX-1192,negative,positive,positive,negative
REV-TX-1193,positive,positive,negative,negative
REV-TX-1194,positive,positive,negative,positive
REV-TX-1195,positive,positive,positive,positive
REV-TX-1196,positive,positive,positive,positive
REV-TX-1197,negative,positive,positive,negative
REV-TX-1198,negative,positive,positive,negative
REV-TX-1199,positive,positive,negative,positive
REV-TX-1200,positive,negative,negative,positive
REV-TX-1201,positive,positive,positive,positive
REV-TX-1202,positive,positive,positive,negative
REV-TX-1203,negative,negative,negative,negative
REV-TX-1204,positive,positive,positive,positive
REV-TX-1205,positive,negative,positive,negative
REV-TX-1206,positive,positive,negative,positive
REV-TX-1207,positive,positive,positive,positive
REV-TX-1208,positive,positive,positive,positive
REV-TX-1209,positive,negative,positive,positive
REV-TX-1210,positive,positive,positive,positive
REV-TX-1211,positive,positive,negative,positive
REV-TX-1212,positive,positive,positive,positive
REV-TX-1213,positive,negative,positive,positive
REV-TX-1214,positive,positive,negative,positive
REV-TX-1215,positive,positive,negative,positive
REV-TX-1216,positive,positive,positive,positive
REV-TX-1217,positive,positive,positive,positive
REV-TX-1218,positive,positive,negative,positive
REV-TX-1219,positive,positive,positive,positive
REV-TX-1220,positive,positive,positive,positive
REV-TX-1221,positive,positive,negative,positive
REV-TX-1222,positive,positive,negative,positive
REV-TX-1223,positive,positive,negative,positive
REV-TX-1224,positive,positive,negative,positive
REV-TX-1225,positive,positive,negative,positive
REV-TX-1226,negative,positive,positive,negative
REV-TX-1227,positive,positive,negative,negative
REV-TX-1228,negative,positive,positive,negative
REV-TX-1229,positive,positive,positive,positive
REV-TX-1230,positive,positive,negative,positive
REV-TX-1231,positive,positive,negative,negative
REV-TX-1232,positive,negative,positive,positive
REV-TX-1233,positive,positive,negative,positive
REV-TX-1234,positive,positive,positive,positive
REV-TX-1235,positive,positive,positive,positive
REV-TX-1236,positive,positive,positive,positive
REV-TX-1237,positive,positive,negative,positive
REV-TX-1238,positive,positive,negative,positive
REV-TX-1239,positive,positive,positive,positive
REV-TX-1240,negative,positive,negative,positive
REV-TX-1241,negative,negative,positive,negative
REV-TX-1242,negative,positive,negative,negative
REV-TX-1243,positive,negative,positive,positive
REV-TX-1244,positive,positive,positive,positive
REV-TX-1245,negative,positive,negative,negative
REV-TX-1246,positive,positive,positive,positive
REV-TX-1247,negative,positive,positive,negative
REV-TX-1248,negative,positive,negative,negative
REV-TX-1249,negative,positive,negative,negative
REV-TX-1250,positive,positive,positive,positive
REV-TX-1251,positive,negative,positive,positive
REV-TX-1252,negative,positive,positive,negative
REV-TX-1253,positive,positive,positive,positive
REV-TX-1254,positive,positive,positive,positive
REV-TX-1255,positive,positive,negative,positive
REV-TX-1256,negative,positive,negative,negative
REV-TX-1257,positive,positive,positive,positive
REV-TX-1258,positive,positive,positive,positive
REV-TX-1259,positive,positive,positive,positive
REV-TX-1260,positive,positive,positive,positive
REV-TX-1261,negative,positive,negative,positive
REV-TX-1262,positive,positive,positive,positive
REV-TX-1263,positive,positive,positive,negative
REV-TX-1264,negative,positive,negative,negative
REV-TX-1265,positive,positive,positive,positive
REV-TX-1266,positive,positive,negative,negative
REV-TX-1267,positive,positive,positive,positive
REV-TX-1268,positive,positive,negative,positive
REV-TX-1269,positive,positive,negative,positive
REV-TX-1270,positive,positive,negative,positive
REV-TX-1271,positive,positive,negative,negative
REV-TX-1272,negative,positive,positive,negative
REV-TX-1273,negative,positive,positive,negative
REV-TX-1274,positive,negative,negative,positive
REV-TX-1275,positive,positive,negative,positive
REV-TX-1276,positive,positive,positive,positive
REV-TX-1277,positive,positive,positive,positive
REV-TX-1278,positive,positive,positive,positive
REV-TX-1279,positive,positive,positive,positive
REV-TX-1280,negative,positive,positive,negative
REV-TX-1281,positive,positive,negative,positive
REV-TX-1282,positive,positive,positive,positive
REV-TX-1283,positive,positive,positive,positive
REV-TX-1284,positive,positive,negative,positive
REV-TX-1285,positive,positive,negative,positive
REV-TX-1286,positive,negative,negative,positive
REV-TX-1287,positive,positive,negative,positive
REV-TX-1288,positive,positive,positive,negative
REV-TX-1289,positive,positive,negative,positive
REV-TX-1290,positive,positive,positive,positive
REV-TX-1291,positive,positive,positive,positive
REV-TX-1292,positive,positive,negative,negative
REV-TX-1293,positive,positive,negative,positive
REV-TX-1294,positive,positive,positive,positive
REV-TX-1295,positive,positive,positive,positive
REV-TX-1296,positive,positive,positive,positive
REV-TX-1297,positive,positive,positive,positive
REV-TX-1298,positive,positive,positive,positive
REV-TX-1299,positive,positive,negative,positive
REV-TX-1300,positive,positive,positive,positive
REV-TX-1301,positive,positive,negative,positive
REV-TX-1302,positive,positive,negative,positive
REV-TX-1303,positive,positive,negative,positive
REV-TX-1304,positive,negative,negative,positive
REV-TX-1305,negative,positive,positive,negative
REV-TX-1306,positive,positive,positive,positive
REV-TX-1307,positive,positive,negative,positive
REV-TX-1308,positive,positive,negative,positive
REV-TX-1309,positive,positive,negative,positive
REV-TX-1310,positive,positive,positive,positive
REV-TX-1311,positive,positive,negative,positive
REV-TX-1312,positive,positive,positive,positive
REV-TX-1313,negative,positive,negative,negative
REV-TX-1314,positive,negative,negative,positive
REV-TX-1315,positive,positive,positive,negative
REV-TX-1316,positive,positive,negative,positive
REV-TX-1317,positive,positive,positive,positive
REV-TX-1318,positive,positive,positive,positive
REV-TX-1319,positive,positive,positive,positive
REV-TX-1320,positive,negative,negative,positive
REV-TX-1321,positive,positive,negative,positive
REV-TX-1322,positive,positive,negative,positive
REV-TX-1323,positive,positive,positive,positive
REV-TX-1324,negative,positive,negative,negative
REV-TX-1325,positive,negative,negative,positive
REV-TX-1326,positive,positive,positive,negative
REV-TX-1327,positive,positive,negative,positive
REV-TX-1328,positive,positive,positive,positive
REV-TX-1329,positive,positive,negative,positive
REV-TX-1330,positive,positive,positive,positive
REV-TX-1331,positive,positive,positive,positive
REV-TX-1332,positive,positive,positive,positive
REV-TX-1333,positive,positive,negative,positive
REV-TX-1334,positive,positive,positive,positive
REV-TX-1335,positive,positive,positive,positive
REV-TX-1336,negative,positive,negative,negative
REV-TX-1337,positive,positive,negative,positive
REV-TX-1338,positive,positive,positive,positive
REV-TX-1339,positive,positive,positive,positive
REV-TX-1340,positive,positive,positive,positive
REV-TX-1341,positive,positive,positive,positive
REV-TX-1342,positive,positive,negative,positive
REV-TX-1343,positive,positive,negative,positive
REV-TX-1344,positive,negative,negative,positive
REV-TX-1345,positive,positive,positive,positive
REV-TX-1346,positive,positive,negative,positive
REV-TX-1347,positive,positive,negative,negative
REV-TX-1348,positive,positive,negative,positive
REV-TX-1349,positive,positive,negative,positive
REV-TX-1350,positive,positive,negative,positive
REV-TX-1351,negative,positive,negative,negative
REV-TX-1352,positive,positive,positive,positive
REV-TX-1353,positive,positive,negative,positive
REV-TX-1354,positive,positive,positive,negative
REV-TX-1355,positive,positive,negative,negative
REV-TX-1356,positive,negative,positive,positive
REV-TX-1357,positive,positive,negative,positive
REV-TX-1358,negative,positive,negative,positive
REV-TX-1359,positive,positive,positive,positive
REV-TX-1360,positive,positive,positive,positive
REV-TX-1361,positive,positive,negative,positive
REV-TX-1362,positive,positive,negative,positive
REV-TX-1363,positive,positive,positive,positive
REV-TX-1364,negative,positive,positive,negative
REV-TX-1365,positive,positive,negative,positive
REV-TX-1366,negative,positive,positive,negative
REV-TX-1367,negative,positive,positive,negative
REV-TX-1368,positive,positive,positive,positive
REV-TX-1369,positive,positive,positive,positive
REV-TX-1370,positive,positive,positive,positive
REV-TX-1371,positive,positive,positive,positive
REV-TX-1372,positive,positive,positive,negative
REV-TX-1373,positive,positive,positive,negative
REV-TX-1374,positive,positive,positive,positive
REV-TX-1375,positive,positive,positive,positive
REV-TX-1376,positive,positive,positive,positive
REV-TX-1377,positive,positive,negative,positive
REV-TX-1378,positive,positive,positive,negative
REV-TX-1379,positive,positive,positive,positive
REV-TX-1380,positive,positive,positive,positive
REV-TX-1381,positive,positive,positive,positive
REV-TX-1382,positive,negative,negative,positive
REV-TX-1383,negative,positive,negative,negative
REV-TX-1384,positive,positive,negative,positive
REV-TX-1385,positive,positive,negative,positive
REV-TX-1386,positive,positive,negative,positive
REV-TX-1387,positive,positive,positive,positive
REV-TX-1388,positive,positive,positive,positive
REV-TX-1389,positive,positive,positive,positive
REV-TX-1390,negative,positive,positive,negative
REV-TX-1391,positive,positive,positive,positive
REV-TX-1392,positive,positive,negative,positive
REV-TX-1393,positive,positive,positive,positive
REV-TX-1394,positive,positive,negative,negative
REV-TX-1395,negative,positive,negative,negative
REV-TX-1396,negative,positive,positive,negative
REV-TX-1397,positive,positive,positive,positive
REV-TX-1398,positive,positive,positive,positive
REV-TX-1399,positive,positive,positive,positive
REV-TX-1400,positive,positive,positive,positive
REV-TX-1401,negative,negative,positive,positive
REV-TX-1402,positive,positive,positive,positive
REV-TX-1403,positive,positive,positive,positive
REV-TX-1404,positive,positive,negative,positive
REV-TX-1405,negative,positive,negative,positive
REV-TX-1406,positive,positive,negative,positive
REV-TX-1407,positive,positive,positive,positive
REV-TX-1408,negative,positive,positive,negative
REV-TX-1409,positive,positive,negative,negative
REV-TX-1410,positive,positive,positive,positive
REV-TX-1411,negative,positive,positive,negative
REV-TX-1412,negative,positive,negative,positive
REV-TX-1413,positive,positive,negative,positive
REV-TX-1414,positive,positive,positive,positive
REV-TX-1415,positive,negative,positive,positive
REV-TX-1416,positive,positive,positive,positive
REV-TX-1417,positive,positive,positive,negative
REV-TX-1418,positive,positive,positive,positive
REV-TX-1419,positive,positive,positive,positive
REV-TX-1420,positive,positive,positive,negative
REV-TX-1421,positive,positive,negative,positive
REV-TX-1422,positive,positive,negative,positive
REV-TX-1423,positive,positive,negative,positive
REV-TX-1424,positive,positive,positive,positive
REV-TX-1425,positive,negative,positive,positive
REV-TX-1426,positive,positive,positive,negative
REV-TX-1427,negative,positive,positive,negative
REV-TX-1428,positive,positive,positive,positive
REV-TX-1429,positive,positive,negative,positive
REV-TX-1430,positive,positive,negative,positive
REV-TX-1431,positive,positive,positive,negative
REV-TX-1432,positive,negative,positive,positive
REV-TX-1433,positive,positive,negative,positive
REV-TX-1434,positive,negative,positive,positive
REV-TX-1435,positive,positive,positive,positive
REV-TX-1436,positive,positive,positive,positive
REV-TX-1437,positive,positive,negative,positive
REV-TX-1438,positive,positive,negative,positive
REV-TX-1439,positive,positive,positive,positive
REV-TX-1440,positive,positive,negative,positive
REV-TX-1441,negative,positive,negative,negative
REV-TX-1442,positive,positive,positive,positive
REV-TX-1443,positive,positive,positive,positive
REV-TX-1444,positive,positive,positive,positive
REV-TX-1445,negative,positive,negative,negative
REV-TX-1446,negative,positive,positive,positive
REV-TX-1447,positive,positive,negative,positive
REV-TX-1448,positive,positive,positive,positive
REV-TX-1449,positive,positive,negative,positive
REV-TX-1450,positive,positive,positive,positive
REV-TX-1451,positive,negative,negative,negative
REV-TX-1452,positive,positive,negative,positive
REV-TX-1453,negative,positive,negative,negative
REV-TX-1454,positive,positive,negative,positive
REV-TX-1455,positive,positive,positive,positive
REV-TX-1456,positive,positive,negative,positive
REV-TX-1457,positive,positive,positive,positive
REV-TX-1458,positive,positive,positive,positive
REV-TX-1459,positive,positive,positive,positive
REV-TX-1460,positive,negative,positive,positive
REV-TX-1461,positive,positive,positive,positive
REV-TX-1462,positive,positive,negative,negative
REV-TX-1463,positive,positive,positive,positive
REV-TX-1464,negative,positive,negative,negative
REV-TX-1465,positive,positive,positive,positive
REV-TX-1466,positive,positive,positive,positive
REV-TX-1467,negative,negative,positive,negative
REV-TX-1468,positive,positive,negative,negative
REV-TX-1469,negative,positive,negative,negative
REV-TX-1470,positive,positive,negative,positive
REV-TX-1471,negative,positive,negative,negative
REV-TX-1472,positive,negative,positive,positive
REV-TX-1473,negative,positive,positive,positive
REV-TX-1474,positive,positive,negative,positive
REV-TX-1475,negative,positive,positive,positive
REV-TX-1476,positive,positive,positive,positive
REV-TX-1477,positive,positive,positive,positive
REV-TX-1478,negative,positive,negative,negative
REV-TX-1479,positive,positive,negative,positive
REV-TX-1480,positive,positive,positive,positive
REV-TX-1481,positive,positive,positive,positive
REV-TX-1482,positive,negative,negative,positive
REV-TX-1483,positive,positive,negative,positive
REV-TX-1484,positive,positive,positive,positive
REV-TX-1485,negative,positive,negative,negative
REV-TX-1486,positive,positive,positive,negative
REV-TX-1487,positive,positive,positive,positive
REV-TX-1488,negative,positive,negative,negative
REV-TX-1489,negative,positive,negative,negative
REV-TX-1490,positive,positive,positive,positive
REV-TX-1491,positive,positive,negative,positive
REV-TX-1492,positive,positive,negative,positive
REV-TX-1493,positive,positive,negative,positive
REV-TX-1494,positive,positive,negative,negative
REV-TX-1495,positive,positive,negative,positive
REV-TX-1496,positive,positive,positive,positive
REV-TX-1497,positive,positive,positive,positive
REV-TX-1498,negative,positive,positive,negative
REV-TX-1499,negative,positive,positive,negative
REV-TX-1500,positive,positive,negative,positive
REV-TX-1501,positive,positive,positive,positive
REV-TX-1502,positive,positive,positive,positive
REV-TX-1503,positive,negative,positive,positive
REV-TX-1504,positive,positive,positive,positive
REV-TX-1505,positive,positive,positive,positive
REV-TX-1506,negative,positive,negative,negative
REV-TX-1507,positive,positive,positive,negative
REV-TX-1508,negative,positive,negative,positive
REV-TX-1509,positive,positive,negative,positive
REV-TX-1510,positive,positive,positive,positive
REV-TX-1511,positive,positive,positive,positive
REV-TX-1512,negative,positive,positive,negative
REV-TX-1513,negative,positive,negative,negative
REV-TX-1514,positive,positive,negative,positive
REV-TX-1515,positive,negative,positive,positive
REV-TX-1516,positive,positive,positive,positive
REV-TX-1517,positive,positive,negative,positive
REV-TX-1518,negative,positive,positive,positive
REV-TX-1519,positive,positive,positive,positive
REV-TX-1520,positive,positive,negative,positive
REV-TX-1521,positive,positive,negative,positive
REV-TX-1522,negative,positive,negative,negative
REV-TX-1523,positive,positive,negative,positive
REV-TX-1524,positive,positive,negative,positive
REV-TX-1525,positive,positive,positive,negative
REV-TX-1526,positive,positive,negative,positive
REV-TX-1527,positive,negative,negative,positive
REV-TX-1528,positive,positive,negative,positive
REV-TX-1529,negative,positive,positive,negative
REV-TX-1530,positive,positive,positive,positive
REV-TX-1531,negative,positive,positive,positive
REV-TX-1532,negative,positive,positive,positive
REV-TX-1533,positive,positive,positive,positive
REV-TX-1534,positive,positive,negative,positive
REV-TX-1535,negative,positive,negative,negative
REV-TX-1536,positive,positive,positive,positive
REV-TX-1537,positive,positive,negative,positive
REV-TX-1538,positive,positive,positive,positive
REV-TX-1539,positive,positive,positive,positive
REV-TX-1540,negative,positive,positive,negative
REV-TX-1541,positive,positive,positive,positive
REV-TX-1542,positive,positive,positive,negative
REV-TX-1543,positive,positive,positive,positive
REV-TX-1544,positive,positive,positive,positive
REV-TX-1545,positive,positive,negative,positive
REV-TX-1546,positive,positive,positive,positive
REV-TX-1547,positive,positive,negative,positive
REV-TX-1548,positive,positive,negative,positive
REV-TX-1549,positive,positive,negative,positive
REV-TX-1550,positive,positive,negative,positive
REV-TX-1551,negative,positive,positive,negative
REV-TX-1552,positive,positive,positive,positive
REV-TX-1553,positive,negative,negative,positive
REV-TX-1554,negative,negative,positive,negative
REV-TX-1555,positive,negative,negative,positive
REV-TX-1556,positive,positive,negative,positive
REV-TX-1557,positive,positive,negative,positive
REV-TX-1558,positive,positive,negative,positive
REV-TX-1559,positive,positive,negative,negative
REV-TX-1560,positive,positive,negative,positive
REV-TX-1561,positive,positive,positive,positive
REV-TX-1562,positive,positive,negative,positive
REV-TX-1563,positive,positive,positive,positive
REV-TX-1564,positive,positive,positive,positive
REV-TX-1565,positive,positive,negative,positive
REV-TX-1566,positive,positive,positive,positive
REV-TX-1567,positive,positive,positive,positive
REV-TX-1568,negative,positive,positive,negative
REV-TX-1569,positive,negative,negative,positive
REV-TX-1570,positive,positive,positive,positive
REV-TX-1571,positive,negative,negative,positive
REV-TX-1572,positive,positive,positive,positive
REV-TX-1573,positive,positive,negative,positive
REV-TX-1574,negative,positive,negative,negative
REV-TX-1575,negative,positive,positive,negative
REV-TX-1576,positive,negative,positive,negative
REV-TX-1577,negative,positive,positive,negative
REV-TX-1578,positive,positive,negative,positive
REV-TX-1579,positive,positive,negative,positive
REV-TX-1580,positive,positive,negative,positive
REV-TX-1581,negative,positive,positive,positive
REV-TX-1582,positive,positive,negative,positive
REV-TX-1583,positive,positive,negative,positive
REV-TX-1584,positive,positive,negative,positive
REV-TX-1585,positive,positive,negative,positive
REV-TX-1586,positive,positive,positive,positive
REV-TX-1587,positive,positive,positive,positive
REV-TX-1588,positive,positive,negative,positive
REV-TX-1589,positive,positive,negative,positive
REV-TX-1590,positive,positive,negative,positive
REV-TX-1591,positive,positive,positive,positive
REV-TX-1592,positive,positive,positive,positive
REV-TX-1593,positive,positive,positive,positive
REV-TX-1594,negative,positive,positive,negative
REV-TX-1595,positive,positive,negative,positive
REV-TX-1596,positive,positive,negative,positive
REV-TX-1597,positive,positive,positive,positive
REV-TX-1598,positive,positive,positive,negative
REV-TX-1599,positive,positive,positive,positive
REV-TX-1600,positive,positive,positive,positive
REV-TX-1601,positive,positive,negative,positive
REV-TX-1602,positive,positive,negative,positive
REV-TX-1603,positive,positive,positive,positive
REV-TX-1604,positive,positive,negative,positive
REV-TX-1605,positive,positive,negative,positive
REV-TX-1606,positive,positive,negative,positive
REV-TX-1607,positive,positive,positive,positive
REV-TX-1608,positive,positive,negative,negative
REV-TX-1609,positive,positive,positive,positive
REV-TX-1610,positive,positive,positive,positive
REV-TX-1611,positive,positive,positive,positive
REV-TX-1612,positive,positive,positive,positive
REV-TX-1613,positive,positive,positive,positive
REV-TX-1614,negative,positive,positive,negative
REV-TX-1615,negative,positive,positive,negative
REV-TX-1616,positive,positive,negative,positive
REV-TX-1617,positive,positive,negative,positive
REV-TX-1618,positive,positive,positive,positive
REV-TX-1619,positive,positive,negative,positive
REV-TX-1620,positive,positive,negative,positive
REV-TX-1621,positive,positive,negative,positive
REV-TX-1622,positive,positive,positive,positive
REV-TX-1623,positive,negative,negative,positive
REV-TX-1624,positive,positive,negative,positive
REV-TX-1625,positive,negative,negative,positive
REV-TX-1626,positive,positive,positive,positive
REV-TX-1627,positive,positive,positive,positive
REV-TX-1628,positive,positive,negative,positive
REV-TX-1629,positive,positive,positive,positive
REV-TX-1630,positive,positive,positive,positive
REV-TX-1631,negative,positive,positive,negative
REV-TX-1632,positive,positive,negative,positive
REV-TX-1633,positive,positive,negative,positive
REV-TX-1634,positive,positive,positive,positive
REV-TX-1635,positive,positive,negative,positive
REV-TX-1636,positive,negative,positive,positive
REV-TX-1637,positive,positive,negative,positive
REV-TX-1638,positive,negative,negative,positive
REV-TX-1639,positive,positive,negative,positive
REV-TX-1640,positive,positive,negative,positive
REV-TX-1641,positive,positive,positive,positive
REV-TX-1642,positive,positive,negative,positive
REV-TX-1643,positive,positive,positive,positive
REV-TX-1644,positive,positive,negative,positive
REV-TX-1645,negative,positive,negative,negative
REV-TX-1646,positive,negative,negative,positive
REV-TX-1647,positive,positive,positive,positive
REV-TX-1648,positive,positive,negative,positive
REV-TX-1649,positive,positive,positive,positive
REV-TX-1650,positive,positive,positive,positive
REV-TX-1651,positive,positive,negative,positive
REV-TX-1652,positive,positive,positive,positive
REV-TX-1653,positive,positive,negative,positive
REV-TX-1654,positive,positive,positive,positive
REV-TX-1655,positive,positive,positive,positive
REV-TX-1656,positive,positive,negative,positive
REV-TX-1657,positive,positive,positive,positive
REV-TX-1658,positive,positive,positive,positive
REV-TX-1659,positive,positive,negative,positive
REV-TX-1660,positive,positive,positive,positive
REV-TX-1661,negative,positive,negative,negative
REV-TX-1662,positive,positive,positive,positive
REV-TX-1663,positive,positive,negative,positive
REV-TX-1664,positive,positive,negative,positive
REV-TX-1665,positive,positive,negative,positive
REV-TX-1666,positive,positive,positive,positive
REV-TX-1667,positive,positive,negative,positive
REV-TX-1668,positive,positive,negative,positive
REV-TX-1669,positive,positive,negative,positive
REV-TX-1670,positive,positive,positive,positive
REV-TX-1671,negative,positive,negative,negative
REV-TX-1672,positive,positive,negative,positive
REV-TX-1673,positive,positive,positive,positive
REV-TX-1674,positive,positive,positive,positive
REV-TX-1675,negative,positive,negative,positive
REV-TX-1676,positive,positive,positive,positive
REV-TX-1677,positive,positive,negative,positive
REV-TX-1678,negative,positive,negative,negative
REV-TX-1679,negative,positive,negative,negative
REV-TX-1680,positive,positive,positive,positive
REV-TX-1681,positive,positive,positive,positive
REV-TX-1682,positive,positive,negative,positive
REV-TX-1683,positive,positive,positive,positive
REV-TX-1684,negative,positive,negative,negative
REV-TX-1685,positive,positive,positive,positive
REV-TX-1686,positive,positive,positive,positive
REV-TX-1687,positive,positive,positive,positive
REV-TX-1688,positive,positive,positive,positive
REV-TX-1689,positive,positive,negative,positive
REV-TX-1690,positive,positive,positive,positive
REV-TX-1691,positive,positive,positive,positive
REV-TX-1692,positive,positive,positive,positive
REV-TX-1693,positive,positive,positive,positive
REV-TX-1694,positive,negative,positive,positive
REV-TX-1695,positive,positive,negative,positive
REV-TX-1696,positive,positive,positive,positive
REV-TX-1697,positive,positive,positive,positive
REV-TX-1698,positive,positive,positive,positive
REV-TX-1699,positive,positive,negative,positive
REV-TX-1700,positive,positive,positive,positive
REV-TX-1701,positive,negative,positive,positive
REV-TX-1702,positive,positive,negative,positive
REV-TX-1703,positive,positive,negative,positive
REV-TX-1704,positive,positive,positive,positive
REV-TX-1705,negative,positive,positive,negative
REV-TX-1706,positive,positive,negative,negative
REV-TX-1707,positive,positive,positive,positive
REV-TX-1708,positive,positive,negative,positive
REV-TX-1709,positive,positive,negative,positive
REV-TX-1710,positive,positive,positive,positive
REV-TX-1711,positive,positive,positive,positive
REV-TX-1712,positive,positive,positive,positive
REV-TX-1713,positive,positive,negative,positive
REV-TX-1714,positive,positive,positive,positive
REV-TX-1715,negative,positive,positive,negative
REV-TX-1716,positive,positive,negative,positive
REV-TX-1717,negative,positive,negative,negative
REV-TX-1718,positive,positive,positive,positive
REV-TX-1719,positive,positive,negative,positive
REV-TX-1720,negative,positive,positive,negative
REV-TX-1721,positive,positive,positive,positive
REV-TX-1722,positive,positive,positive,positive
REV-TX-1723,positive,positive,positive,positive
REV-TX-1724,positive,positive,positive,positive
REV-TX-1725,positive,positive,positive,positive
REV-TX-1726,positive,positive,negative,positive
REV-TX-1727,positive,positive,negative,positive
REV-TX-1728,positive,positive,negative,negative
REV-TX-1729,positive,positive,positive,positive
REV-TX-1730,positive,positive,positive,positive
REV-TX-1731,positive,positive,positive,positive
REV-TX-1732,positive,positive,negative,negative
REV-TX-1733,positive,negative,negative,positive
REV-TX-1734,positive,negative,positive,positive
REV-TX-1735,negative,positive,positive,negative
REV-TX-1736,positive,negative,positive,negative
REV-TX-1737,positive,positive,positive,positive
REV-TX-1738,positive,negative,positive,positive
REV-TX-1739,positive,positive,negative,negative
REV-TX-1740,positive,positive,negative,positive
REV-TX-1741,positive,positive,positive,positive
REV-TX-1742,positive,positive,positive,positive
REV-TX-1743,positive,positive,negative,positive
REV-TX-1744,positive,positive,positive,positive
REV-TX-1745,negative,positive,positive,positive
REV-TX-1746,positive,positive,positive,positive
REV-TX-1747,positive,positive,positive,positive
REV-TX-1748,negative,positive,positive,positive
REV-TX-1749,positive,positive,negative,positive
REV-TX-1750,positive,positive,positive,positive
REV-TX-1751,negative,positive,positive,negative
REV-TX-1752,positive,positive,negative,positive
REV-TX-1753,positive,positive,positive,positive
REV-TX-1754,positive,negative,negative,positive
REV-TX-1755,positive,positive,negative,positive
REV-TX-1756,positive,positive,positive,positive
REV-TX-1757,positive,positive,negative,positive
REV-TX-1758,negative,positive,positive,positive
REV-TX-1759,positive,positive,negative,positive
REV-TX-1760,positive,positive,positive,positive
REV-TX-1761,positive,positive,negative,positive
REV-TX-1762,positive,positive,negative,positive
REV-TX-1763,positive,positive,positive,positive
REV-TX-1764,positive,positive,positive,positive
REV-TX-1765,positive,negative,negative,positive
REV-TX-1766,positive,positive,negative,negative
REV-TX-1767,negative,positive,positive,negative
REV-TX-1768,positive,positive,negative,positive
REV-TX-1769,positive,positive,positive,positive
REV-TX-1770,positive,positive,positive,positive
REV-TX-1771,positive,positive,positive,positive
REV-TX-1772,positive,positive,positive,positive
REV-TX-1773,positive,positive,negative,positive
REV-TX-1774,positive,positive,positive,positive
REV-TX-1775,positive,positive,negative,positive
REV-TX-1776,positive,positive,positive,positive
REV-TX-1777,positive,positive,positive,positive
REV-TX-1778,positive,positive,positive,negative
REV-TX-1779,positive,positive,positive,positive
REV-TX-1780,positive,positive,positive,positive
REV-TX-1781,positive,positive,positive,positive
REV-TX-1782,positive,negative,negative,positive
REV-TX-1783,positive,positive,positive,positive
REV-TX-1784,positive,positive,positive,positive
REV-TX-1785,negative,positive,positive,positive
REV-TX-1786,positive,negative,negative,negative
REV-TX-1787,positive,positive,negative,positive
REV-TX-1788,positive,negative,positive,positive
REV-TX-1789,negative,positive,positive,negative
REV-TX-1790,positive,positive,positive,positive
REV-TX-1791,positive,negative,negative,positive
REV-TX-1792,positive,positive,positive,positive
REV-TX-1793,positive,positive,positive,positive
REV-TX-1794,positive,positive,positive,positive
REV-TX-1795,negative,positive,positive,negative
REV-TX-1796,negative,negative,positive,positive
REV-TX-1797,positive,positive,negative,positive
REV-TX-1798,positive,negative,positive,positive
REV-TX-1799,negative,positive,negative,negative
REV-TX-1800,positive,positive,positive,positive
REV-TX-1801,positive,negative,positive,positive
REV-TX-1802,positive,negative,negative,positive
REV-TX-1803,positive,negative,positive,positive
REV-TX-1804,positive,positive,negative,positive
REV-TX-1805,positive,negative,positive,positive
REV-TX-1806,negative,positive,positive,negative
REV-TX-1807,negative,positive,negative,negative
REV-TX-1808,positive,positive,positive,positive
REV-TX-1809,positive,positive,negative,positive
REV-TX-1810,negative,positive,positive,negative
REV-TX-1811,positive,positive,negative,positive
REV-TX-1812,positive,positive,positive,positive
REV-TX-1813,negative,positive,positive,negative
REV-TX-1814,negative,positive,negative,negative
REV-TX-1815,positive,positive,negative,positive
REV-TX-1816,positive,positive,negative,positive
REV-TX-1817,positive,positive,negative,negative
REV-TX-1818,positive,positive,negative,positive
REV-TX-1819,positive,positive,positive,positive
REV-TX-1820,positive,negative,positive,positive
REV-TX-1821,positive,positive,positive,positive
REV-TX-1822,positive,positive,positive,negative
REV-TX-1823,positive,positive,positive,negative
REV-TX-1824,positive,positive,positive,positive
REV-TX-1825,negative,positive,positive,negative
REV-TX-1826,positive,positive,negative,positive
REV-TX-1827,positive,positive,positive,positive
REV-TX-1828,positive,positive,positive,positive
REV-TX-1829,positive,positive,positive,positive
REV-TX-1830,positive,positive,negative,negative
REV-TX-1831,positive,positive,negative,positive
REV-TX-1832,positive,positive,negative,positive
REV-TX-1833,positive,positive,positive,negative
REV-TX-1834,positive,positive,positive,positive
REV-TX-1835,positive,negative,positive,positive
REV-TX-1836,negative,positive,positive,negative
REV-TX-1837,positive,positive,positive,positive
REV-TX-1838,positive,positive,positive,positive
REV-TX-1839,positive,positive,positive,negative
REV-TX-1840,positive,positive,negative,negative
REV-TX-1841,positive,positive,negative,positive
REV-TX-1842,positive,negative,positive,positive
REV-TX-1843,negative,positive,positive,negative
REV-TX-1844,positive,positive,positive,positive
REV-TX-1845,positive,positive,positive,positive
REV-TX-1846,positive,positive,negative,positive
REV-TX-1847,negative,positive,positive,negative
REV-TX-1848,positive,positive,negative,positive
REV-TX-1849,positive,positive,positive,positive
REV-TX-1850,positive,positive,negative,positive
REV-TX-1851,positive,positive,positive,negative
REV-TX-1852,positive,positive,negative,positive
REV-TX-1853,negative,positive,positive,negative
REV-TX-1854,positive,positive,negative,positive
REV-TX-1855,positive,positive,positive,positive
REV-TX-1856,positive,positive,positive,positive
REV-TX-1857,positive,positive,negative,positive
REV-TX-1858,positive,positive,negative,positive
REV-TX-1859,positive,positive,negative,positive
REV-TX-1860,positive,positive,negative,positive
REV-TX-1861,positive,positive,negative,positive
REV-TX-1862,positive,negative,positive,negative
REV-TX-1863,positive,positive,positive,positive
REV-TX-1864,positive,positive,positive,positive
REV-TX-1865,positive,positive,negative,positive
REV-TX-1866,positive,positive,positive,positive
REV-TX-1867,positive,positive,positive,positive
REV-TX-1868,negative,positive,negative,negative
REV-TX-1869,negative,positive,negative,positive
REV-TX-1870,positive,positive,positive,positive
REV-TX-1871,positive,negative,positive,positive
REV-TX-1872,positive,positive,positive,positive
REV-TX-1873,positive,positive,positive,positive
REV-TX-1874,positive,positive,positive,positive
REV-TX-1875,positive,positive,negative,positive
REV-TX-1876,positive,positive,negative,positive
REV-TX-1877,positive,positive,negative,positive
REV-TX-1878,positive,positive,positive,positive
REV-TX-1879,positive,positive,negative,positive
REV-TX-1880,positive,positive,positive,positive
REV-TX-1881,positive,positive,positive,positive
REV-TX-1882,positive,positive,negative,positive
REV-TX-1883,positive,positive,positive,positive
REV-TX-1884,positive,positive,positive,negative
REV-TX-1885,positive,negative,negative,negative
REV-TX-1886,positive,positive,positive,positive
REV-TX-1887,positive,positive,negative,positive
REV-TX-1888,positive,positive,positive,positive
REV-TX-1889,positive,positive,negative,positive
REV-TX-1890,positive,positive,positive,positive
REV-TX-1891,negative,positive,positive,positive
REV-TX-1892,positive,positive,negative,negative
REV-TX-1893,positive,positive,positive,positive
REV-TX-1894,positive,positive,positive,positive
REV-TX-1895,positive,positive,positive,positive
REV-TX-1896,positive,positive,positive,positive
REV-TX-1897,negative,positive,positive,negative
REV-TX-1898,positive,positive,positive,positive
REV-TX-1899,positive,positive,negative,positive
REV-TX-1900,positive,positive,positive,positive
REV-TX-1901,positive,positive,positive,positive
REV-TX-1902,positive,positive,positive,positive
REV-TX-1903,positive,positive,positive,positive
REV-TX-1904,positive,positive,negative,positive
REV-TX-1905,negative,negative,positive,negative
REV-TX-1906,positive,negative,negative,positive
REV-TX-1907,positive,positive,positive,positive
REV-TX-1908,positive,positive,negative,positive
REV-TX-1909,positive,positive,positive,positive
REV-TX-1910,positive,positive,negative,positive
REV-TX-1911,positive,positive,negative,negative
REV-TX-1912,positive,positive,positive,positive
REV-TX-1913,positive,negative,positive,positive
REV-TX-1914,positive,positive,positive,positive
REV-TX-1915,positive,positive,negative,positive
REV-TX-1916,positive,positive,positive,positive
REV-TX-1917,negative,positive,positive,positive
REV-TX-1918,positive,positive,negative,positive
REV-TX-1919,positive,positive,positive,positive
REV-TX-1920,negative,positive,negative,positive
REV-TX-1921,positive,positive,negative,positive
REV-TX-1922,negative,positive,negative,negative
REV-TX-1923,positive,positive,negative,positive
REV-TX-1924,positive,positive,positive,positive
REV-TX-1925,positive,negative,positive,positive
REV-TX-1926,positive,positive,positive,positive
REV-TX-1927,positive,negative,positive,positive
REV-TX-1928,positive,positive,negative,positive
REV-TX-1929,positive,positive,negative,positive
REV-TX-1930,positive,positive,positive,positive
REV-TX-1931,positive,positive,positive,positive
REV-TX-1932,negative,negative,negative,negative
REV-TX-1933,positive,positive,positive,positive
REV-TX-1934,positive,positive,positive,negative
REV-TX-1935,positive,positive,positive,positive
REV-TX-1936,positive,positive,negative,positive
REV-TX-1937,negative,positive,negative,negative
REV-TX-1938,positive,negative,negative,positive
REV-TX-1939,positive,positive,negative,positive
REV-TX-1940,positive,positive,positive,positive
REV-TX-1941,positive,positive,positive,positive
REV-TX-1942,positive,positive,negative,positive
REV-TX-1943,positive,positive,positive,positive
REV-TX-1944,positive,positive,negative,positive
REV-TX-1945,positive,positive,negative,positive
REV-TX-1946,positive,positive,negative,positive
REV-TX-1947,negative,positive,negative,negative
REV-TX-1948,negative,positive,negative,positive
REV-TX-1949,positive,negative,negative,positive
REV-TX-1950,positive,positive,positive,positive
REV-TX-1951,positive,positive,positive,positive
REV-TX-1952,positive,positive,positive,positive
REV-TX-1953,negative,positive,negative,negative
REV-TX-1954,positive,negative,positive,positive
REV-TX-1955,positive,positive,negative,positive
REV-TX-1956,positive,positive,positive,positive
REV-TX-1957,positive,positive,negative,positive
REV-TX-1958,positive,positive,positive,positive
REV-TX-1959,positive,positive,negative,negative
REV-TX-1960,positive,positive,positive,positive
REV-TX-1961,positive,positive,positive,positive
REV-TX-1962,positive,positive,positive,negative
REV-TX-1963,positive,negative,negative,positive
REV-TX-1964,positive,positive,positive,positive
REV-TX-1965,positive,positive,positive,positive
REV-TX-1966,positive,positive,negative,positive
REV-TX-1967,positive,positive,negative,positive
REV-TX-1968,positive,negative,negative,positive
REV-TX-1969,positive,positive,positive,positive
REV-TX-1970,positive,positive,positive,positive
REV-TX-1971,negative,positive,negative,negative
REV-TX-1972,positive,positive,positive,positive
REV-TX-1973,positive,positive,negative,positive
REV-TX-1974,positive,positive,positive,positive
REV-TX-1975,positive,positive,positive,positive
REV-TX-1976,positive,positive,positive,positive
REV-TX-1977,positive,positive,positive,positive
REV-TX-1978,positive,positive,positive,positive
REV-TX-1979,positive,negative,positive,positive
REV-TX-1980,positive,positive,negative,positive
REV-TX-1981,positive,positive,positive,positive
REV-TX-1982,positive,positive,negative,negative
REV-TX-1983,positive,positive,negative,positive
REV-TX-1984,positive,positive,negative,positive
REV-TX-1985,positive,negative,positive,positive
REV-TX-1986,positive,positive,negative,positive
REV-TX-1987,positive,positive,negative,positive
REV-TX-1988,positive,positive,negative,positive
REV-TX-1989,positive,positive,negative,positive
REV-TX-1990,positive,positive,negative,negative
REV-TX-1991,positive,positive,negative,positive
REV-TX-1992,positive,positive,positive,positive
REV-TX-1993,positive,positive,negative,positive
REV-TX-1994,positive,positive,positive,negative
REV-TX-1995,positive,positive,negative,positive
REV-TX-1996,negative,positive,positive,negative
REV-TX-1997,positive,positive,positive,negative
REV-TX-1998,negative,positive,negative,negative
REV-TX-1999,positive,positive,negative,positive
REV-TX-2000,positive,positive,positive,positive
REV-TX-2001,positive,positive,positive,positive
REV-TX-2002,negative,positive,negative,negative
REV-TX-2003,positive,positive,positive,positive
REV-TX-2004,positive,positive,negative,positive
REV-TX-2005,positive,positive,positive,positive
REV-TX-2006,positive,negative,negative,positive
REV-TX-2007,positive,positive,negative,positive
REV-TX-2008,positive,positive,positive,positive
REV-TX-2009,positive,positive,positive,positive
REV-TX-2010,positive,positive,positive,positive
REV-TX-2011,negative,positive,negative,negative
REV-TX-2012,negative,positive,positive,negative
REV-TX-2013,positive,positive,negative,positive
REV-TX-2014,positive,positive,positive,positive
REV-TX-2015,negative,positive,positive,positive
REV-TX-2016,positive,positive,positive,positive
REV-TX-2017,positive,positive,positive,positive
REV-TX-2018,negative,negative,negative,negative
REV-TX-2019,positive,positive,negative,positive
REV-TX-2020,positive,positive,negative,positive
REV-TX-2021,positive,positive,positive,positive
REV-TX-2022,negative,positive,negative,positive
REV-TX-2023,negative,positive,negative,negative
REV-TX-2024,negative,negative,negative,negative
REV-TX-2025,positive,positive,positive,positive
REV-TX-2026,negative,positive,positive,negative
REV-TX-2027,positive,positive,positive,negative
REV-TX-2028,positive,positive,negative,positive
REV-TX-2029,positive,positive,positive,positive
REV-TX-2030,positive,positive,positive,positive
REV-TX-2031,positive,positive,positive,positive
REV-TX-2032,positive,positive,negative,positive
REV-TX-2033,positive,positive,negative,positive
REV-TX-2034,positive,positive,positive,positive
REV-TX-2035,positive,positive,positive,positive
REV-TX-2036,positive,positive,negative,positive
REV-TX-2037,positive,negative,negative,positive
REV-TX-2038,positive,positive,negative,positive
REV-TX-2039,positive,positive,negative,positive
REV-TX-2040,positive,positive,negative,positive
REV-TX-2041,positive,negative,negative,positive
REV-TX-2042,positive,positive,positive,positive
REV-TX-2043,positive,positive,negative,positive
REV-TX-2044,negative,positive,negative,positive
REV-TX-2045,positive,positive,negative,positive
REV-TX-2046,positive,positive,positive,positive
REV-TX-2047,positive,positive,positive,positive
REV-TX-2048,negative,positive,positive,negative
REV-TX-2049,positive,positive,positive,positive
REV-TX-2050,negative,positive,positive,positive
REV-TX-2051,positive,positive,negative,positive
REV-TX-2052,negative,positive,positive,positive
REV-TX-2053,positive,positive,positive,positive
REV-TX-2054,negative,positive,positive,negative
REV-TX-2055,positive,negative,negative,positive
REV-TX-2056,positive,positive,positive,positive
REV-TX-2057,positive,positive,positive,positive
REV-TX-2058,positive,positive,negative,positive
REV-TX-2059,positive,negative,positive,negative
REV-TX-2060,negative,positive,negative,positive
REV-TX-2061,negative,negative,negative,negative
REV-TX-2062,positive,positive,positive,positive
REV-TX-2063,positive,positive,positive,positive
REV-TX-2064,positive,positive,negative,positive
REV-TX-2065,positive,positive,positive,positive
REV-TX-2066,positive,positive,positive,positive
REV-TX-2067,positive,negative,positive,positive
REV-TX-2068,positive,positive,negative,positive
REV-TX-2069,positive,positive,positive,positive
REV-TX-2070,positive,positive,negative,positive
REV-TX-2071,positive,positive,negative,positive
REV-TX-2072,positive,positive,positive,positive
REV-TX-2073,positive,positive,positive,positive
REV-TX-2074,negative,positive,negative,negative
REV-TX-2075,positive,positive,positive,positive
REV-TX-2076,positive,negative,negative,positive
REV-TX-2077,positive,positive,positive,positive
REV-TX-2078,positive,positive,positive,positive
REV-TX-2079,negative,positive,positive,negative
REV-TX-2080,positive,positive,positive,positive
REV-TX-2081,positive,positive,positive,positive
REV-TX-2082,positive,positive,negative,positive
REV-TX-2083,negative,positive,positive,negative
REV-TX-2084,negative,positive,positive,negative
REV-TX-2085,positive,positive,positive,positive
REV-TX-2086,positive,positive,negative,positive
REV-TX-2087,positive,positive,positive,positive
REV-TX-2088,negative,positive,negative,negative
REV-TX-2089,positive,positive,positive,positive
REV-TX-2090,negative,positive,positive,negative
REV-TX-2091,positive,negative,positive,negative
REV-TX-2092,positive,positive,negative,positive
REV-TX-2093,positive,positive,positive,positive
REV-TX-2094,positive,positive,positive,positive
REV-TX-2095,positive,positive,positive,positive
REV-TX-2096,positive,negative,negative,positive
REV-TX-2097,positive,positive,positive,positive
REV-TX-2098,positive,positive,positive,positive
REV-TX-2099,positive,positive,positive,positive
REV-TX-2100,positive,positive,positive,positive
REV-TX-2101,negative,positive,negative,negative
REV-TX-2102,negative,positive,negative,positive
REV-TX-2103,negative,positive,positive,negative
REV-TX-2104,negative,positive,positive,negative
REV-TX-2105,positive,positive,positive,positive
REV-TX-2106,positive,positive,positive,positive
REV-TX-2107,positive,positive,positive,positive
REV-TX-2108,positive,positive,negative,positive
REV-TX-2109,positive,positive,negative,positive
REV-TX-2110,positive,positive,negative,positive
REV-TX-2111,positive,positive,negative,negative
REV-TX-2112,positive,positive,negative,positive
REV-TX-2113,positive,positive,negative,positive
REV-TX-2114,positive,positive,positive,positive
REV-TX-2115,positive,positive,negative,positive
REV-TX-2116,positive,positive,positive,positive
REV-TX-2117,negative,negative,positive,negative
REV-TX-2118,positive,positive,negative,positive
REV-TX-2119,positive,positive,positive,positive
REV-TX-2120,negative,positive,positive,positive
REV-TX-2121,negative,positive,negative,negative
REV-TX-2122,negative,negative,positive,negative
REV-TX-2123,positive,positive,positive,positive
REV-TX-2124,positive,positive,negative,positive
REV-TX-2125,positive,positive,negative,positive
REV-TX-2126,positive,positive,positive,positive
REV-TX-2127,positive,positive,positive,positive
REV-TX-2128,positive,negative,positive,positive
REV-TX-2129,positive,positive,negative,negative
REV-TX-2130,positive,positive,negative,positive
REV-TX-2131,positive,positive,positive,positive
REV-TX-2132,positive,negative,positive,positive
REV-TX-2133,positive,positive,positive,positive
REV-TX-2134,positive,positive,negative,positive
REV-TX-2135,positive,positive,positive,positive
REV-TX-2136,negative,positive,negative,positive
REV-TX-2137,positive,positive,positive,positive
REV-TX-2138,positive,positive,negative,positive
REV-TX-2139,positive,positive,negative,positive
REV-TX-2140,positive,positive,negative,negative
REV-TX-2141,positive,negative,positive,positive
REV-TX-2142,positive,positive,negative,positive
REV-TX-2143,positive,positive,negative,positive
REV-TX-2144,positive,positive,positive,negative
REV-TX-2145,negative,positive,negative,negative
REV-TX-2146,positive,positive,negative,positive
REV-TX-2147,positive,positive,negative,positive
REV-TX-2148,negative,positive,negative,negative
REV-TX-2149,negative,positive,positive,negative
REV-TX-2150,positive,positive,positive,positive
REV-TX-2151,positive,positive,positive,positive
REV-TX-2152,positive,positive,negative,negative
REV-TX-2153,positive,positive,negative,positive
REV-TX-2154,positive,positive,negative,positive
REV-TX-2155,positive,positive,positive,positive
REV-TX-2156,positive,negative,positive,positive
REV-TX-2157,negative,negative,negative,negative
REV-TX-2158,negative,positive,positive,negative
REV-TX-2159,positive,positive,positive,positive
REV-TX-2160,positive,positive,negative,positive
REV-TX-2161,positive,positive,positive,positive
REV-TX-2162,positive,positive,positive,positive
REV-TX-2163,positive,positive,positive,positive
REV-TX-2164,positive,positive,positive,positive
REV-TX-2165,positive,positive,negative,positive
REV-TX-2166,positive,negative,positive,positive
REV-TX-2167,positive,positive,positive,positive
REV-TX-2168,positive,positive,positive,positive
REV-TX-2169,positive,positive,negative,positive
REV-TX-2170,positive,positive,positive,positive
REV-TX-2171,negative,positive,negative,positive
REV-TX-2172,positive,positive,positive,positive
REV-TX-2173,positive,positive,positive,positive
REV-TX-2174,positive,positive,positive,positive
REV-TX-2175,positive,positive,negative,positive
REV-TX-2176,positive,positive,negative,negative
REV-TX-2177,positive,positive,positive,positive
REV-TX-2178,positive,positive,positive,positive
REV-TX-2179,positive,positive,negative,positive
REV-TX-2180,negative,positive,positive,negative
REV-TX-2181,positive,positive,negative,positive
REV-TX-2182,positive,positive,positive,positive
REV-TX-2183,negative,positive,negative,negative
REV-TX-2184,positive,positive,negative,positive
REV-TX-2185,negative,positive,negative,positive
REV-TX-2186,positive,positive,negative,positive
REV-TX-2187,positive,positive,positive,positive
REV-TX-2188,positive,positive,negative,positive
REV-TX-2189,positive,positive,positive,positive
REV-TX-2190,positive,positive,positive,positive
REV-TX-2191,positive,negative,negative,positive
REV-TX-2192,positive,negative,negative,positive
REV-TX-2193,positive,positive,negative,positive
REV-TX-2194,positive,positive,positive,positive
REV-TX-2195,negative,positive,negative,negative
REV-TX-2196,negative,positive,negative,negative
REV-TX-2197,negative,positive,positive,negative
REV-TX-2198,positive,positive,positive,negative
REV-TX-2199,positive,positive,positive,negative
REV-TX-2200,positive,positive,positive,positive
REV-TX-2201,positive,positive,negative,positive
REV-TX-2202,positive,positive,negative,positive
REV-TX-2203,positive,positive,negative,positive
REV-TX-2204,positive,positive,negative,negative
REV-TX-2205,positive,positive,positive,positive
REV-TX-2206,positive,positive,negative,positive
REV-TX-2207,positive,positive,positive,positive
REV-TX-2208,positive,positive,negative,positive
REV-TX-2209,negative,positive,positive,negative
REV-TX-2210,positive,positive,negative,positive
REV-TX-2211,positive,positive,positive,positive
REV-TX-2212,positive,positive,positive,positive
REV-TX-2213,positive,positive,negative,positive
REV-TX-2214,positive,positive,positive,positive
REV-TX-2215,positive,positive,negative,positive
REV-TX-2216,positive,positive,positive,positive
REV-TX-2217,positive,positive,negative,positive
REV-TX-2218,positive,positive,positive,negative
REV-TX-2219,positive,positive,positive,negative
REV-TX-2220,negative,positive,positive,positive
REV-TX-2221,positive,positive,positive,positive
REV-TX-2222,positive,positive,positive,positive
REV-TX-2223,negative,negative,positive,negative
REV-TX-2224,positive,positive,positive,positive
REV-TX-2225,positive,positive,positive,negative
REV-TX-2226,positive,positive,negative,positive
REV-TX-2227,positive,positive,negative,positive
REV-TX-2228,negative,positive,positive,positive
REV-TX-2229,positive,positive,negative,positive
REV-TX-2230,negative,positive,negative,negative
REV-TX-2231,positive,positive,positive,positive
REV-TX-2232,positive,positive,negative,positive
REV-TX-2233,positive,positive,positive,positive
REV-TX-2234,positive,positive,positive,positive
REV-TX-2235,positive,positive,positive,positive
REV-TX-2236,negative,positive,negative,negative
REV-TX-2237,positive,negative,negative,positive
REV-TX-2238,negative,positive,positive,negative
REV-TX-2239,positive,positive,positive,positive
REV-TX-2240,negative,positive,negative,negative
REV-TX-2241,positive,positive,positive,positive
REV-TX-2242,positive,positive,positive,positive
REV-TX-2243,positive,positive,negative,positive
REV-TX-2244,positive,positive,negative,positive
REV-TX-2245,positive,positive,negative,positive
REV-TX-2246,positive,positive,negative,positive
REV-TX-2247,positive,positive,negative,positive
REV-TX-2248,negative,positive,positive,negative
REV-TX-2249,positive,positive,positive,positive
REV-TX-2250,positive,positive,positive,positive
REV-TX-2251,positive,positive,negative,negative
REV-TX-2252,positive,positive,negative,positive
REV-TX-2253,positive,positive,positive,positive
REV-TX-2254,positive,positive,negative,positive
REV-TX-2255,positive,positive,positive,positive
REV-TX-2256,positive,positive,positive,positive
REV-TX-2257,positive,positive,positive,positive
REV-TX-2258,positive,positive,positive,positive
REV-TX-2259,positive,positive,negative,positive
REV-TX-2260,positive,positive,positive,positive
REV-TX-2261,positive,positive,negative,positive
REV-TX-2262,positive,positive,negative,positive
REV-TX-2263,positive,positive,positive,positive
REV-TX-2264,positive,positive,negative,positive
REV-TX-2265,positive,positive,positive,positive
REV-TX-2266,positive,positive,positive,positive
REV-TX-2267,positive,positive,positive,positive
REV-TX-2268,positive,positive,negative,positive
REV-TX-2269,positive,positive,positive,positive
REV-TX-2270,positive,positive,positive,positive
REV-TX-2271,negative,negative,positive,positive
REV-TX-2272,positive,positive,positive,positive
REV-TX-2273,positive,positive,negative,positive
REV-TX-2274,positive,positive,positive,positive
REV-TX-2275,positive,positive,positive,positive
REV-TX-2276,positive,positive,positive,positive
REV-TX-2277,negative,positive,positive,negative
REV-TX-2278,positive,positive,negative,positive
REV-TX-2279,positive,positive,positive,positive
REV-TX-2280,positive,positive,negative,positive
REV-TX-2281,positive,positive,positive,positive
REV-TX-2282,positive,positive,positive,positive
REV-TX-2283,positive,positive,negative,positive
REV-TX-2284,positive,positive,positive,positive
REV-TX-2285,positive,positive,negative,positive
REV-TX-2286,positive,positive,negative,positive
REV-TX-2287,positive,positive,positive,positive
REV-TX-2288,positive,negative,positive,negative
REV-TX-2289,positive,positive,negative,positive
REV-TX-2290,positive,positive,positive,positive
REV-TX-2291,positive,positive,positive,positive
REV-TX-2292,positive,positive,positive,positive
REV-TX-2293,positive,positive,positive,positive
REV-TX-2294,positive,negative,negative,positive
REV-TX-2295,positive,positive,positive,negative
REV-TX-2296,positive,positive,positive,positive
REV-TX-2297,positive,positive,negative,positive
REV-TX-2298,positive,positive,positive,positive
REV-TX-2299,positive,positive,positive,positive
REV-TX-2300,positive,positive,negative,positive
REV-TX-2301,negative,positive,positive,negative
REV-TX-2302,positive,positive,negative,positive
REV-TX-2303,positive,positive,negative,positive
REV-TX-2304,positive,positive,positive,positive
REV-TX-2305,negative,positive,positive,positive
REV-TX-2306,positive,positive,positive,positive
REV-TX-2307,positive,positive,positive,positive
REV-TX-2308,positive,positive,negative,positive
REV-TX-2309,positive,positive,negative,positive
REV-TX-2310,positive,positive,positive,negative
REV-TX-2311,negative,positive,negative,negative
REV-TX-2312,positive,positive,negative,positive
REV-TX-2313,positive,positive,negative,positive
REV-TX-2314,positive,positive,positive,positive
REV-TX-2315,positive,positive,positive,negative
REV-TX-2316,positive,positive,positive,positive
REV-TX-2317,positive,positive,negative,positive
REV-TX-2318,positive,positive,positive,positive
REV-TX-2319,positive,positive,negative,negative
REV-TX-2320,positive,positive,positive,positive
REV-TX-2321,positive,positive,positive,positive
REV-TX-2322,negative,positive,positive,negative
REV-TX-2323,positive,positive,negative,positive
REV-TX-2324,negative,positive,positive,negative
REV-TX-2325,positive,positive,negative,positive
REV-TX-2326,positive,positive,positive,positive
REV-TX-2327,positive,positive,positive,positive
REV-TX-2328,positive,positive,positive,positive
REV-TX-2329,positive,positive,positive,positive
REV-TX-2330,positive,positive,positive,positive
REV-TX-2331,positive,positive,positive,positive
REV-TX-2332,positive,positive,positive,negative
REV-TX-2333,negative,positive,positive,negative
REV-TX-2334,negative,positive,negative,negative
REV-TX-2335,positive,positive,negative,positive
REV-TX-2336,positive,negative,positive,positive
REV-TX-2337,positive,positive,negative,positive
REV-TX-2338,positive,positive,negative,positive
REV-TX-2339,positive,positive,positive,positive
REV-TX-2340,positive,positive,negative,negative
REV-TX-2341,positive,positive,negative,positive
REV-TX-2342,negative,positive,positive,negative
REV-TX-2343,positive,positive,positive,positive
REV-TX-2344,positive,positive,negative,positive
REV-TX-2345,positive,positive,positive,positive
REV-TX-2346,positive,positive,positive,positive
REV-TX-2347,positive,positive,positive,positive
REV-TX-2348,negative,positive,positive,negative
REV-TX-2349,positive,positive,negative,negative
REV-TX-2350,negative,positive,negative,negative
REV-TX-2351,positive,positive,negative,positive
REV-TX-2352,positive,negative,positive,positive
REV-TX-2353,positive,positive,positive,positive
REV-TX-2354,positive,positive,positive,positive
REV-TX-2355,negative,negative,positive,negative
REV-TX-2356,negative,positive,positive,positive
REV-TX-2357,positive,positive,negative,negative
REV-TX-2358,positive,positive,negative,positive
REV-TX-2359,positive,positive,positive,positive
REV-TX-2360,negative,positive,negative,negative
REV-TX-2361,positive,positive,positive,positive
REV-TX-2362,positive,positive,positive,positive
REV-TX-2363,positive,positive,negative,positive
REV-TX-2364,positive,negative,positive,positive
REV-TX-2365,positive,positive,negative,positive
REV-TX-2366,positive,positive,negative,positive
REV-TX-2367,negative,positive,positive,negative
REV-TX-2368,positive,positive,negative,positive
REV-TX-2369,positive,positive,positive,positive
REV-TX-2370,negative,positive,positive,negative
REV-TX-2371,positive,positive,positive,positive
REV-TX-2372,negative,positive,positive,negative
REV-TX-2373,positive,positive,negative,positive
REV-TX-2374,positive,positive,positive,positive
REV-TX-2375,negative,positive,negative,negative
REV-TX-2376,positive,positive,negative,positive
REV-TX-2377,positive,positive,positive,positive
REV-TX-2378,positive,positive,negative,positive
REV-TX-2379,positive,positive,positive,positive
REV-TX-2380,positive,positive,positive,positive
REV-TX-2381,positive,positive,positive,positive
REV-TX-2382,negative,negative,positive,positive
REV-TX-2383,positive,positive,positive,positive
REV-TX-2384,positive,positive,negative,positive
REV-TX-2385,positive,positive,positive,positive
REV-TX-2386,positive,positive,positive,positive
REV-TX-2387,positive,positive,negative,negative
REV-TX-2388,negative,negative,negative,negative
REV-TX-2389,positive,positive,negative,positive
REV-TX-2390,positive,positive,positive,positive
REV-TX-2391,positive,positive,negative,positive
REV-TX-2392,positive,positive,negative,positive
REV-TX-2393,positive,positive,negative,positive
REV-TX-2394,positive,negative,negative,positive
REV-TX-2395,positive,negative,positive,positive
REV-TX-2396,positive,positive,positive,positive
REV-TX-2397,positive,positive,positive,positive
REV-TX-2398,positive,positive,positive,positive
REV-TX-2399,positive,positive,negative,positive
REV-TX-2400,positive,positive,positive,positive
REV-TX-2401,positive,positive,negative,positive
REV-TX-2402,positive,negative,negative,positive
REV-TX-2403,positive,positive,positive,positive
REV-TX-2404,positive,positive,positive,positive
REV-TX-2405,positive,positive,negative,positive
REV-TX-2406,positive,positive,negative,positive
REV-TX-2407,positive,negative,positive,negative
REV-TX-2408,positive,positive,positive,positive
REV-TX-2409,negative,negative,positive,negative
REV-TX-2410,positive,positive,negative,positive
REV-TX-2411,positive,positive,positive,positive
REV-TX-2412,positive,positive,negative,positive
REV-TX-2413,positive,positive,positive,positive
REV-TX-2414,positive,positive,positive,positive
REV-TX-2415,negative,positive,positive,negative
REV-TX-2416,positive,positive,positive,positive
REV-TX-2417,positive,positive,positive,positive
REV-TX-2418,positive,positive,positive,positive
REV-TX-2419,negative,negative,positive,negative
REV-TX-2420,positive,positive,positive,positive
REV-TX-2421,positive,positive,positive,positive
REV-TX-2422,positive,positive,negative,positive
REV-TX-2423,positive,positive,positive,positive
REV-TX-2424,negative,positive,positive,negative
REV-TX-2425,negative,positive,negative,negative
REV-TX-2426,positive,positive,negative,positive
REV-TX-2427,negative,positive,positive,negative
REV-TX-2428,positive,positive,negative,positive
REV-TX-2429,negative,positive,negative,negative
REV-TX-2430,positive,positive,negative,positive
REV-TX-2431,positive,negative,positive,positive
REV-TX-2432,positive,positive,negative,positive
REV-TX-2433,positive,positive,positive,positive
REV-TX-2434,positive,positive,negative,positive
REV-TX-2435,positive,positive,negative,positive
REV-TX-2436,positive,positive,positive,positive
REV-TX-2437,positive,positive,negative,positive
REV-TX-2438,positive,negative,positive,positive
REV-TX-2439,positive,negative,negative,positive
REV-TX-2440,negative,positive,positive,negative
REV-TX-2441,positive,positive,positive,positive
REV-TX-2442,positive,positive,positive,positive
REV-TX-2443,positive,negative,negative,positive
REV-TX-2444,negative,positive,positive,negative
REV-TX-2445,positive,positive,positive,positive
REV-TX-2446,positive,positive,positive,positive
REV-TX-2447,positive,positive,negative,positive
REV-TX-2448,negative,positive,positive,negative
REV-TX-2449,positive,positive,positive,positive
REV-TX-2450,positive,positive,positive,positive
REV-TX-2451,positive,positive,positive,positive
REV-TX-2452,negative,positive,positive,negative
REV-TX-2453,positive,positive,positive,positive
REV-TX-2454,positive,negative,negative,positive
REV-TX-2455,negative,positive,positive,positive
REV-TX-2456,positive,positive,positive,positive
REV-TX-2457,positive,positive,positive,positive
REV-TX-2458,positive,positive,negative,positive
REV-TX-2459,positive,positive,negative,positive
REV-TX-2460,positive,positive,negative,positive
REV-TX-2461,positive,positive,positive,positive
REV-TX-2462,positive,positive,positive,negative
REV-TX-2463,positive,positive,positive,positive
REV-TX-2464,negative,positive,positive,negative
REV-TX-2465,positive,positive,positive,positive
REV-TX-2466,negative,positive,negative,negative
REV-TX-2467,positive,positive,negative,positive
REV-TX-2468,negative,positive,negative,negative
REV-TX-2469,positive,positive,positive,positive
REV-TX-2470,positive,positive,negative,positive
REV-TX-2471,positive,positive,positive,positive
REV-TX-2472,negative,positive,positive,positive
REV-TX-2473,positive,positive,negative,positive
REV-TX-2474,positive,positive,positive,positive
REV-TX-2475,positive,positive,positive,positive
REV-TX-2476,positive,negative,positive,positive
REV-TX-2477,positive,positive,negative,positive
REV-TX-2478,positive,positive,negative,positive
REV-TX-2479,positive,positive,positive,positive
REV-TX-2480,positive,positive,negative,positive
REV-TX-2481,positive,positive,positive,positive
REV-TX-2482,positive,positive,positive,positive
REV-TX-2483,positive,negative,negative,positive
REV-TX-2484,positive,positive,negative,positive
REV-TX-2485,positive,positive,negative,positive
REV-TX-2486,positive,positive,positive,positive
REV-TX-2487,positive,positive,negative,negative
REV-TX-2488,positive,positive,negative,positive
REV-TX-2489,positive,positive,negative,positive
REV-TX-2490,positive,positive,positive,positive
REV-TX-2491,positive,positive,negative,positive
REV-TX-2492,positive,positive,negative,positive
REV-TX-2493,positive,positive,positive,positive
REV-TX-2494,positive,positive,positive,positive
REV-TX-2495,positive,positive,positive,positive
REV-TX-2496,positive,positive,negative,positive
REV-TX-2497,positive,positive,negative,positive
REV-TX-2498,positive,positive,negative,positive
REV-TX-2499,negative,positive,negative,negative
REV-TX-2500,positive,positive,positive,positive
REV-TX-2501,positive,positive,positive,positive
REV-TX-2502,positive,negative,positive,positive
REV-TX-2503,positive,positive,positive,positive
REV-TX-2504,positive,positive,positive,positive
REV-TX-2505,positive,positive,positive,negative
REV-TX-2506,positive,negative,positive,positive
REV-TX-2507,positive,positive,positive,positive
REV-TX-2508,positive,positive,positive,positive
REV-TX-2509,positive,positive,positive,negative
REV-TX-2510,positive,positive,positive,positive
REV-TX-2511,positive,positive,negative,negative
REV-TX-2512,negative,positive,negative,negative
REV-TX-2513,positive,positive,negative,positive
REV-TX-2514,positive,positive,positive,positive
REV-TX-2515,positive,negative,negative,positive
REV-TX-2516,positive,positive,negative,positive
REV-TX-2517,negative,positive,negative,negative
REV-TX-2518,positive,positive,positive,positive
REV-TX-2519,negative,positive,negative,negative
REV-TX-2520,positive,positive,negative,positive
REV-TX-2521,negative,positive,negative,negative
REV-TX-2522,positive,positive,negative,positive
REV-TX-2523,positive,positive,positive,positive
REV-TX-2524,positive,positive,positive,positive
REV-TX-2525,positive,positive,positive,positive
REV-TX-2526,positive,negative,negative,positive
REV-TX-2527,positive,positive,positive,positive
REV-TX-2528,positive,negative,positive,positive
REV-TX-2529,positive,positive,positive,positive
REV-TX-2530,positive,positive,positive,positive
REV-TX-2531,positive,positive,positive,positive
REV-TX-2532,positive,positive,negative,positive
REV-TX-2533,positive,positive,negative,positive
REV-TX-2534,positive,positive,positive,positive
REV-TX-2535,positive,positive,positive,positive
REV-TX-2536,positive,positive,positive,positive
REV-TX-2537,positive,positive,negative,positive
REV-TX-2538,positive,positive,positive,positive
REV-TX-2539,positive,positive,positive,positive
REV-TX-2540,positive,positive,positive,positive
REV-TX-2541,positive,positive,negative,positive
REV-TX-2542,positive,positive,negative,positive
REV-TX-2543,positive,positive,negative,negative
REV-TX-2544,negative,positive,negative,negative
REV-TX-2545,positive,positive,positive,positive
REV-TX-2546,positive,positive,positive,positive
REV-TX-2547,positive,positive,positive,positive
REV-TX-2548,positive,positive,positive,positive
REV-TX-2549,positive,positive,positive,positive
REV-TX-2550,negative,positive,positive,positive
REV-TX-2551,positive,positive,positive,positive
REV-TX-2552,positive,positive,negative,positive
REV-TX-2553,negative,positive,negative,negative
REV-TX-2554,positive,positive,negative,positive
REV-TX-2555,positive,positive,negative,positive
REV-TX-2556,positive,positive,positive,positive
REV-TX-2557,positive,positive,negative,positive
REV-TX-2558,positive,positive,positive,positive
REV-TX-2559,negative,positive,negative,negative
REV-TX-2560,positive,positive,positive,positive
REV-TX-2561,positive,positive,negative,positive
REV-TX-2562,positive,positive,positive,positive
REV-TX-2563,positive,positive,positive,positive
REV-TX-2564,positive,positive,negative,positive
REV-TX-2565,positive,positive,positive,positive
REV-TX-2566,positive,positive,negative,negative
REV-TX-2567,positive,positive,negative,positive
REV-TX-2568,positive,positive,negative,positive
REV-TX-2569,positive,positive,negative,positive
REV-TX-2570,positive,positive,negative,positive
REV-TX-2571,positive,positive,positive,positive
REV-TX-2572,positive,positive,negative,positive
REV-TX-2573,negative,positive,negative,negative
REV-TX-2574,positive,positive,negative,positive
REV-TX-2575,positive,positive,positive,positive
REV-TX-2576,positive,positive,negative,positive
REV-TX-2577,positive,positive,negative,positive
REV-TX-2578,positive,positive,negative,negative
REV-TX-2579,positive,positive,positive,positive
REV-TX-2580,positive,positive,positive,positive
REV-TX-2581,positive,positive,positive,positive
REV-TX-2582,positive,positive,negative,positive
REV-TX-2583,positive,positive,negative,positive
REV-TX-2584,negative,positive,positive,negative
REV-TX-2585,positive,positive,positive,positive
REV-TX-2586,positive,positive,positive,positive
REV-TX-2587,positive,positive,positive,positive
REV-TX-2588,positive,positive,negative,positive
REV-TX-2589,positive,positive,negative,positive
REV-TX-2590,positive,negative,positive,positive
REV-TX-2591,negative,positive,positive,negative
REV-TX-2592,positive,positive,positive,positive
REV-TX-2593,positive,positive,negative,positive
REV-TX-2594,positive,positive,positive,positive
REV-TX-2595,positive,positive,positive,negative
REV-TX-2596,positive,positive,positive,positive
REV-TX-2597,positive,positive,negative,positive
REV-TX-2598,positive,positive,negative,negative
REV-TX-2599,negative,positive,negative,negative
REV-TX-2600,positive,positive,positive,positive
REV-TX-2601,positive,positive,positive,positive
REV-TX-2602,positive,positive,positive,positive
REV-TX-2603,positive,positive,negative,positive
REV-TX-2604,positive,positive,positive,positive
REV-TX-2605,positive,positive,negative,positive
REV-TX-2606,positive,positive,negative,positive
REV-TX-2607,positive,positive,negative,positive
REV-TX-2608,positive,negative,positive,positive
REV-TX-2609,positive,negative,positive,positive
REV-TX-2610,negative,positive,positive,negative
REV-TX-2611,positive,positive,negative,positive
REV-TX-2612,positive,positive,negative,positive
REV-TX-2613,positive,positive,positive,positive
REV-TX-2614,positive,positive,positive,positive
REV-TX-2615,positive,positive,negative,positive
REV-TX-2616,negative,positive,negative,negative
REV-TX-2617,positive,positive,positive,positive
REV-TX-2618,positive,positive,negative,negative
REV-TX-2619,positive,positive,positive,positive
REV-TX-2620,positive,positive,positive,positive
REV-TX-2621,positive,positive,negative,positive
REV-TX-2622,positive,positive,negative,positive
REV-TX-2623,negative,positive,negative,negative
REV-TX-2624,positive,positive,positive,positive
REV-TX-2625,positive,positive,negative,positive
REV-TX-2626,positive,positive,positive,positive
REV-TX-2627,positive,positive,positive,positive
REV-TX-2628,positive,positive,positive,positive
REV-TX-2629,positive,positive,positive,positive
REV-TX-2630,positive,positive,negative,positive
REV-TX-2631,positive,positive,negative,positive
REV-TX-2632,positive,positive,positive,positive
REV-TX-2633,positive,positive,positive,negative
REV-TX-2634,negative,negative,positive,negative
REV-TX-2635,positive,positive,positive,positive
REV-TX-2636,positive,negative,negative,positive
REV-TX-2637,positive,positive,negative,positive
REV-TX-2638,negative,positive,positive,negative
REV-TX-2639,negative,positive,positive,negative
REV-TX-2640,positive,positive,negative,positive
REV-TX-2641,positive,negative,negative,positive
REV-TX-2642,positive,positive,positive,positive
REV-TX-2643,positive,positive,positive,positive
REV-TX-2644,positive,positive,negative,positive
REV-TX-2645,positive,positive,positive,positive
REV-TX-2646,positive,positive,positive,positive
REV-TX-2647,positive,positive,negative,positive
REV-TX-2648,positive,positive,negative,positive
REV-TX-2649,positive,negative,negative,positive
REV-TX-2650,positive,positive,negative,positive
REV-TX-2651,positive,positive,negative,positive
REV-TX-2652,positive,positive,positive,positive
REV-TX-2653,positive,positive,positive,positive
REV-TX-2654,positive,positive,positive,positive
REV-TX-2655,negative,positive,positive,negative
REV-TX-2656,positive,positive,negative,positive
REV-TX-2657,positive,positive,negative,positive
REV-TX-2658,positive,positive,negative,positive
REV-TX-2659,positive,negative,negative,positive
REV-TX-2660,positive,positive,positive,positive
REV-TX-2661,positive,positive,positive,positive
REV-TX-2662,negative,negative,negative,negative
REV-TX-2663,positive,positive,negative,positive
REV-TX-2664,negative,positive,negative,negative
REV-TX-2665,negative,positive,negative,negative
REV-TX-2666,positive,positive,negative,positive
REV-TX-2667,negative,positive,negative,negative
REV-TX-2668,positive,positive,positive,positive
REV-TX-2669,positive,positive,negative,positive
REV-TX-2670,positive,positive,negative,positive
REV-TX-2671,negative,negative,positive,negative
REV-TX-2672,negative,positive,negative,positive
REV-TX-2673,positive,positive,positive,positive
REV-TX-2674,positive,positive,negative,positive
REV-TX-2675,positive,positive,positive,positive
REV-TX-2676,positive,positive,negative,positive
REV-TX-2677,positive,positive,positive,negative
REV-TX-2678,positive,positive,negative,positive
REV-TX-2679,positive,positive,positive,positive
REV-TX-2680,positive,positive,positive,negative
REV-TX-2681,negative,positive,positive,negative
REV-TX-2682,positive,positive,negative,positive
REV-TX-2683,positive,positive,positive,positive
REV-TX-2684,positive,positive,positive,positive
REV-TX-2685,negative,positive,negative,negative
REV-TX-2686,negative,positive,positive,negative
REV-TX-2687,positive,positive,negative,positive
REV-TX-2688,positive,positive,positive,positive
REV-TX-2689,positive,positive,negative,positive
REV-TX-2690,positive,positive,positive,positive
REV-TX-2691,positive,positive,positive,positive
REV-TX-2692,positive,positive,negative,positive
REV-TX-2693,positive,positive,negative,positive
REV-TX-2694,positive,positive,negative,negative
REV-TX-2695,positive,positive,positive,positive
REV-TX-2696,positive,negative,positive,positive
REV-TX-2697,positive,positive,positive,positive
REV-TX-2698,negative,positive,negative,negative
REV-TX-2699,positive,positive,positive,positive
REV-TX-2700,negative,positive,positive,positive
REV-TX-2701,positive,positive,positive,positive
REV-TX-2702,positive,positive,negative,positive
REV-TX-2703,positive,positive,positive,positive
REV-TX-2704,positive,negative,negative,positive
REV-TX-2705,positive,positive,positive,positive
REV-TX-2706,positive,positive,negative,positive
REV-TX-2707,positive,positive,positive,positive
REV-TX-2708,positive,positive,negative,positive
REV-TX-2709,positive,negative,negative,positive
REV-TX-2710,positive,positive,positive,positive
REV-TX-2711,positive,positive,negative,positive
REV-TX-2712,positive,positive,positive,positive
REV-TX-2713,positive,positive,negative,positive
REV-TX-2714,positive,negative,negative,positive
REV-TX-2715,negative,positive,positive,positive
REV-TX-2716,positive,positive,positive,positive
REV-TX-2717,positive,positive,positive,negative
REV-TX-2718,negative,positive,positive,negative
REV-TX-2719,positive,positive,positive,negative
REV-TX-2720,positive,positive,positive,positive
REV-TX-2721,positive,positive,positive,negative
REV-TX-2722,positive,negative,negative,positive
REV-TX-2723,positive,positive,positive,positive
REV-TX-2724,positive,positive,positive,positive
REV-TX-2725,positive,negative,negative,positive
REV-TX-2726,positive,positive,positive,positive
REV-TX-2727,negative,negative,positive,negative
REV-TX-2728,positive,positive,positive,negative
REV-TX-2729,positive,positive,negative,positive
REV-TX-2730,positive,positive,negative,positive
REV-TX-2731,positive,negative,positive,positive
REV-TX-2732,positive,positive,negative,positive
REV-TX-2733,positive,positive,positive,positive
REV-TX-2734,positive,positive,negative,positive
REV-TX-2735,negative,positive,negative,negative
REV-TX-2736,positive,positive,negative,negative
REV-TX-2737,positive,positive,positive,positive
REV-TX-2738,positive,positive,positive,positive
REV-TX-2739,positive,positive,positive,positive
REV-TX-2740,positive,negative,negative,positive
REV-TX-2741,positive,positive,negative,positive
REV-TX-2742,positive,positive,negative,positive
REV-TX-2743,positive,positive,negative,positive
REV-TX-2744,positive,positive,positive,positive
REV-TX-2745,positive,positive,negative,positive
REV-TX-2746,positive,positive,negative,positive
REV-TX-2747,positive,positive,negative,positive
REV-TX-2748,positive,positive,negative,positive
REV-TX-2749,positive,positive,negative,positive
REV-TX-2750,positive,positive,positive,positive
REV-TX-2751,positive,negative,negative,positive
REV-TX-2752,positive,positive,positive,positive
REV-TX-2753,positive,positive,negative,positive
REV-TX-2754,negative,positive,negative,negative
REV-TX-2755,positive,positive,positive,positive
REV-TX-2756,negative,positive,negative,negative
REV-TX-2757,positive,positive,positive,positive
REV-TX-2758,positive,positive,positive,positive
REV-TX-2759,positive,positive,positive,positive
REV-TX-2760,positive,positive,negative,positive
REV-TX-2761,positive,positive,negative,positive
REV-TX-2762,positive,positive,negative,positive
REV-TX-2763,positive,positive,positive,positive
REV-TX-2764,positive,positive,negative,positive
REV-TX-2765,positive,positive,negative,positive
REV-TX-2766,positive,positive,positive,positive
REV-TX-2767,positive,positive,positive,positive
REV-TX-2768,positive,positive,positive,positive
REV-TX-2769,positive,positive,negative,positive
REV-TX-2770,positive,positive,negative,positive
REV-TX-2771,positive,negative,negative,positive
REV-TX-2772,negative,positive,positive,negative
REV-TX-2773,negative,positive,negative,negative
REV-TX-2774,positive,positive,positive,positive
REV-TX-2775,positive,negative,positive,positive
REV-TX-2776,positive,positive,negative,positive
REV-TX-2777,positive,positive,positive,positive
REV-TX-2778,positive,positive,negative,positive
REV-TX-2779,positive,positive,positive,positive
REV-TX-2780,positive,positive,negative,positive
REV-TX-2781,negative,positive,positive,negative
REV-TX-2782,positive,positive,negative,positive
REV-TX-2783,positive,positive,positive,positive
REV-TX-2784,positive,positive,positive,negative
REV-TX-2785,negative,positive,negative,negative
REV-TX-2786,positive,positive,positive,positive
REV-TX-2787,positive,positive,negative,negative
REV-TX-2788,positive,positive,negative,positive
REV-TX-2789,positive,negative,positive,positive
REV-TX-2790,positive,positive,positive,positive
REV-TX-2791,positive,positive,negative,positive
REV-TX-2792,positive,positive,negative,positive
REV-TX-2793,positive,positive,negative,positive
REV-TX-2794,positive,positive,positive,positive
REV-TX-2795,positive,positive,negative,positive
REV-TX-2796,positive,positive,positive,negative
REV-TX-2797,positive,positive,negative,positive
REV-TX-2798,positive,positive,negative,positive
REV-TX-2799,positive,positive,positive,positive
REV-TX-2800,negative,positive,positive,negative
REV-TX-2801,positive,negative,positive,positive
REV-TX-2802,positive,positive,positive,negative
REV-TX-2803,positive,negative,negative,positive
REV-TX-2804,positive,positive,positive,positive
REV-TX-2805,positive,negative,positive,positive
REV-TX-2806,positive,positive,positive,positive
REV-TX-2807,positive,positive,negative,positive
REV-TX-2808,positive,positive,negative,positive
REV-TX-2809,positive,positive,positive,positive
REV-TX-2810,positive,positive,positive,positive
REV-TX-2811,positive,positive,negative,positive
REV-TX-2812,positive,positive,negative,positive
REV-TX-2813,positive,positive,positive,positive
REV-TX-2814,positive,positive,positive,positive
REV-TX-2815,negative,positive,positive,negative
REV-TX-2816,positive,positive,positive,positive
REV-TX-2817,positive,positive,negative,negative
REV-TX-2818,positive,positive,negative,positive
REV-TX-2819,positive,positive,positive,positive
REV-TX-2820,positive,positive,negative,positive
REV-TX-2821,positive,positive,positive,positive
REV-TX-2822,positive,positive,negative,positive
REV-TX-2823,positive,positive,negative,positive
REV-TX-2824,positive,positive,positive,positive
REV-TX-2825,positive,positive,positive,positive
REV-TX-2826,positive,positive,negative,negative
REV-TX-2827,negative,positive,positive,negative
REV-TX-2828,positive,positive,positive,positive
REV-TX-2829,positive,positive,positive,positive
REV-TX-2830,negative,positive,negative,negative
REV-TX-2831,positive,positive,positive,positive
REV-TX-2832,positive,positive,negative,positive
REV-TX-2833,positive,positive,positive,positive
REV-TX-2834,positive,positive,negative,positive
REV-TX-2835,positive,positive,negative,positive
REV-TX-2836,positive,negative,negative,positive
REV-TX-2837,positive,positive,positive,positive
REV-TX-2838,negative,positive,negative,negative
REV-TX-2839,positive,positive,negative,positive
REV-TX-2840,positive,positive,positive,positive
REV-TX-2841,positive,positive,positive,positive
REV-TX-2842,positive,positive,positive,positive
REV-TX-2843,positive,positive,positive,positive
REV-TX-2844,negative,positive,negative,negative
REV-TX-2845,positive,positive,positive,positive
REV-TX-2846,positive,negative,positive,positive
REV-TX-2847,positive,positive,negative,positive
REV-TX-2848,negative,positive,positive,negative
REV-TX-2849,positive,positive,positive,positive
REV-TX-2850,positive,positive,positive,positive
REV-TX-2851,positive,positive,negative,positive
REV-TX-2852,negative,positive,negative,negative
REV-TX-2853,positive,negative,negative,positive
REV-TX-2854,negative,positive,positive,negative
REV-TX-2855,positive,positive,negative,positive
REV-TX-2856,positive,positive,positive,positive
REV-TX-2857,positive,positive,positive,positive
REV-TX-2858,positive,positive,positive,positive
REV-TX-2859,positive,positive,negative,positive
REV-TX-2860,positive,positive,positive,positive
REV-TX-2861,positive,positive,positive,positive
REV-TX-2862,positive,positive,positive,positive
REV-TX-2863,positive,positive,positive,positive
REV-TX-2864,negative,positive,negative,negative
REV-TX-2865,negative,positive,positive,positive
REV-TX-2866,positive,positive,negative,positive
REV-TX-2867,positive,positive,positive,positive
REV-TX-2868,positive,positive,negative,positive
REV-TX-2869,positive,positive,negative,positive
REV-TX-2870,positive,positive,positive,positive
REV-TX-2871,positive,positive,positive,positive
REV-TX-2872,positive,positive,negative,negative
REV-TX-2873,positive,positive,negative,positive
REV-TX-2874,positive,positive,positive,positive
REV-TX-2875,positive,positive,positive,positive
REV-TX-2876,positive,positive,negative,positive
REV-TX-2877,positive,positive,negative,positive
REV-TX-2878,positive,positive,positive,positive
REV-TX-2879,positive,positive,positive,positive
REV-TX-2880,positive,positive,positive,positive
REV-TX-2881,negative,positive,negative,negative
REV-TX-2882,positive,negative,positive,positive
REV-TX-2883,positive,positive,negative,positive
REV-TX-2884,positive,positive,positive,positive
REV-TX-2885,positive,negative,positive,positive
REV-TX-2886,positive,negative,negative,positive
REV-TX-2887,positive,positive,negative,positive
REV-TX-2888,positive,positive,negative,positive
REV-TX-2889,negative,positive,positive,negative
REV-TX-2890,positive,positive,negative,positive
REV-TX-2891,positive,positive,negative,positive
REV-TX-2892,positive,positive,positive,positive
REV-TX-2893,positive,positive,positive,positive
REV-TX-2894,positive,positive,positive,positive
REV-TX-2895,positive,positive,positive,positive
REV-TX-2896,positive,positive,negative,positive
REV-TX-2897,positive,positive,positive,positive
REV-TX-2898,positive,positive,negative,positive
REV-TX-2899,positive,positive,positive,positive
REV-TX-2900,positive,positive,negative,positive
REV-TX-2901,positive,positive,positive,positive
REV-TX-2902,positive,negative,positive,positive
REV-TX-2903,positive,positive,positive,positive
REV-TX-2904,positive,positive,positive,positive
REV-TX-2905,positive,positive,negative,negative
REV-TX-2906,negative,positive,positive,negative
REV-TX-2907,positive,positive,negative,positive
REV-TX-2908,positive,positive,positive,positive
REV-TX-2909,positive,positive,positive,positive
REV-TX-2910,positive,positive,positive,positive
REV-TX-2911,negative,positive,negative,negative
REV-TX-2912,negative,negative,negative,negative
REV-TX-2913,positive,negative,positive,positive
REV-TX-2914,positive,negative,positive,positive
REV-TX-2915,positive,positive,positive,positive
REV-TX-2916,negative,positive,negative,negative
REV-TX-2917,positive,positive,negative,positive
REV-TX-2918,positive,positive,positive,positive
REV-TX-2919,positive,positive,negative,positive
REV-TX-2920,positive,negative,positive,positive
REV-TX-2921,positive,positive,negative,positive
REV-TX-2922,positive,positive,positive,positive
REV-TX-2923,positive,positive,negative,positive
REV-TX-2924,positive,negative,positive,negative
REV-TX-2925,positive,positive,negative,positive
REV-TX-2926,positive,positive,negative,positive
REV-TX-2927,positive,positive,negative,positive
REV-TX-2928,positive,positive,negative,positive
REV-TX-2929,positive,positive,negative,positive
REV-TX-2930,positive,negative,positive,positive
REV-TX-2931,positive,positive,positive,positive
REV-TX-2932,positive,positive,positive,positive
REV-TX-2933,positive,positive,negative,positive
REV-TX-2934,positive,positive,positive,positive
REV-TX-2935,positive,positive,negative,positive
REV-TX-2936,positive,positive,negative,positive
REV-TX-2937,positive,positive,positive,positive
REV-TX-2938,positive,positive,positive,positive
REV-TX-2939,positive,positive,positive,positive
REV-TX-2940,positive,positive,positive,positive
REV-TX-2941,positive,positive,positive,positive
REV-TX-2942,positive,positive,positive,positive
REV-TX-2943,positive,positive,negative,positive
REV-TX-2944,positive,positive,negative,positive
REV-TX-2945,positive,positive,positive,positive
REV-TX-2946,positive,positive,positive,positive
REV-TX-2947,positive,positive,positive,positive
REV-TX-2948,positive,positive,negative,negative
REV-TX-2949,positive,positive,negative,positive
REV-TX-2950,positive,positive,positive,negative
REV-TX-2951,positive,positive,positive,positive
REV-TX-2952,positive,negative,negative,positive
REV-TX-2953,positive,positive,negative,positive
REV-TX-2954,negative,positive,positive,positive
REV-TX-2955,negative,positive,negative,negative
REV-TX-2956,positive,negative,positive,positive
REV-TX-2957,positive,positive,positive,positive
REV-TX-2958,positive,positive,negative,positive
REV-TX-2959,positive,positive,negative,positive
REV-TX-2960,positive,positive,positive,positive
REV-TX-2961,positive,positive,negative,positive
REV-TX-2962,positive,positive,positive,positive
REV-TX-2963,positive,positive,negative,positive
REV-TX-2964,positive,positive,positive,positive
REV-TX-2965,positive,positive,negative,positive
REV-TX-2966,positive,positive,negative,positive
REV-TX-2967,positive,positive,positive,positive
REV-TX-2968,positive,positive,negative,positive
REV-TX-2969,positive,positive,negative,positive
REV-TX-2970,positive,negative,negative,negative
REV-TX-2971,positive,positive,positive,positive
REV-TX-2972,positive,positive,negative,positive
REV-TX-2973,positive,positive,negative,positive
REV-TX-2974,positive,positive,positive,positive
REV-TX-2975,negative,positive,negative,negative
REV-TX-2976,positive,positive,positive,negative
REV-TX-2977,positive,positive,positive,positive
REV-TX-2978,negative,negative,positive,negative
REV-TX-2979,positive,positive,negative,positive
REV-TX-2980,positive,positive,negative,positive
REV-TX-2981,positive,positive,positive,positive
REV-TX-2982,positive,positive,negative,positive
REV-TX-2983,positive,positive,positive,positive
REV-TX-2984,positive,positive,positive,positive
REV-TX-2985,positive,negative,positive,positive
REV-TX-2986,positive,positive,negative,positive
REV-TX-2987,positive,positive,negative,positive
REV-TX-2988,positive,positive,negative,positive
REV-TX-2989,positive,positive,negative,positive
REV-TX-2990,positive,positive,positive,positive
REV-TX-2991,positive,positive,positive,positive
REV-TX-2992,positive,positive,positive,positive
REV-TX-2993,positive,positive,positive,positive
REV-TX-2994,positive,positive,positive,positive
REV-TX-2995,positive,positive,negative,positive
REV-TX-2996,negative,positive,positive,negative
REV-TX-2997,positive,positive,negative,positive
REV-TX-2998,positive,positive,positive,positive
REV-TX-2999,positive,positive,positive,positive
